,productSku,month,revenuePerItem,itemQuantity
1,(not set),6,247,1
2,103113,6,0,0
3,107123,6,0,0
4,107125,6,0,0
5,108166,6,0,0
6,111613,6,973,16
7,113334,6,595,14
8,113335,6,0,0
9,113344,6,0,0
10,113345,6,578,19
11,113367,6,0,0
12,113368,6,646,26
13,113372,6,0,0
14,113373,6,654,36
15,115506,6,0,0
16,134786,6,149,1
17,134822,6,0,0
18,142142,6,0,0
19,142520,6,0,0
20,142671,6,572,6
21,143748,6,0,0
22,143811,6,670,7
23,14451,6,0,0
24,14453,6,0,0
25,14454,6,0,0
26,14456,6,0,0
27,14457,6,0,0
28,14458,6,0,0
29,144664,6,0,0
30,14541,6,0,0
31,14542,6,2259.5,39
32,14544,6,0,0
33,14548,6,0,0
34,14549,6,2591,22
35,14558,6,0,0
36,14583,6,0,0
37,14584,6,1911,28
38,14587,6,3597,3
39,14590,6,0,0
40,14591,6,0,0
41,14597,6,0,0
42,14598,6,3075,8
43,14600,6,0,0
44,14601,6,1360,6
45,14607,6,0,0
46,14608,6,748,10
47,14619,6,0,0
48,14620,6,680,10
49,14624,6,0,0
50,14625,6,1515,6
51,14647,6,0,0
52,14648,6,2347,5
53,14701,6,0,0
54,14702,6,0,0
55,14709,6,4868,22
56,14712,6,0,0
57,14713,6,0,0
58,14720,6,0,0
59,14722,6,0,0
60,14726,6,0,0
61,14727,6,0,0
62,14730,6,0,0
63,14731,6,0,0
64,14732,6,0,0
65,14733,6,0,0
66,14735,6,0,0
67,14923,6,3138,8
68,14942,6,0,0
69,14943,6,1407,8
70,150981,6,0,0
71,151033,6,0,0
72,151807,6,0,0
73,15348,6,115,1
74,15352,6,518,4
75,15405,6,864,32
76,15407,6,0,0
77,15416,6,0,0
78,15418,6,0,0
79,15420,6,0,0
80,15422,6,0,0
81,157184,6,0,0
82,157846,6,0,0
83,159150,6,0,0
84,159151,6,0,0
85,1598,6,1054,10
86,1599,6,2374.5,11
87,1600,6,0,0
88,1601,6,0,0
89,1602,6,2708.8,29
90,1603,6,1576,17
91,1605,6,2692,9
92,1606,6,5028,12
93,1610,6,2520,17
94,1611,6,1168,24
95,1612,6,1081,12
96,1613,6,676.714285714286,16
97,1614,6,0,0
98,1615,6,1548,15
99,1616,6,6553.97619047619,55
100,1617,6,0,0
101,1618,6,500,8
102,1619,6,1114,11
103,1621,6,880,10
104,1623,6,1486,25
105,1624,6,6259.71428571429,33
106,1625,6,1012,8
107,1626,6,1209,11
108,1628,6,516,2
109,1629,6,1542,15
110,1631,6,1646,19
111,1632,6,3735,15
112,1633,6,1144,17
113,1634,6,1219,9
114,1635,6,227,3
115,1636,6,348,2
116,1637,6,0,0
117,1638,6,673,5
118,1639,6,1465,70
119,1640,6,0,0
120,1641,6,2872,49
121,1642,6,368,7
122,1644,6,1827,24
123,1645,6,416,1
124,1646,6,1686,28
125,1647,6,1722,16
126,1649,6,3321,20
127,1650,6,437,5
128,1651,6,2228,16
129,1652,6,574,5
130,1653,6,332,10
131,1654,6,640.083333333333,8
132,1656,6,317,5
133,1657,6,707,8
134,1658,6,0,0
135,1659,6,1695,46
136,1660,6,671,8
137,1661,6,0,0
138,1663,6,733,8
139,1664,6,1235,8
140,1665,6,2058,25
141,1666,6,1085,78
142,1674,6,3037.90476190476,40
143,1675,6,344,12
144,1676,6,1196,8
145,1677,6,4859,10
146,1678,6,3959.16666666667,18
147,1679,6,3771,18
148,1681,6,7137,45
149,1682,6,7160,47
150,1684,6,3979,26
151,1685,6,1908,16
152,1687,6,1576,12
153,1688,6,2090,21
154,1689,6,2299,8
155,1695,6,2755.4,25
156,1696,6,9655.8,43
157,1697,6,752,10
158,1698,6,1249,42
159,169800,6,34642,39
160,1699,6,0,0
161,1700,6,0,0
162,1701,6,880,13
163,170328,6,0,0
164,170391,6,6069,31
165,1704,6,1314,16
166,170433,6,0,0
167,1705,6,3044,18
168,1706,6,1481,16
169,1707,6,713.8,12
170,1709,6,9898,31
171,1710,6,7065,22
172,1711,6,0,0
173,1713,6,1144,5
174,1714,6,797,6
175,1715,6,2654,10
176,1716,6,0,0
177,1717,6,822,5
178,1718,6,1611,16
179,17186,6,492,6
180,1719,6,803,16
181,17194,6,0,0
182,1720,6,959.5,17
183,1721,6,258,4
184,1722,6,1886,6
185,1723,6,2643,12
186,1724,6,0,0
187,1725,6,0,0
188,1726,6,3338,34
189,1727,6,838,9
190,17278,6,0,0
191,1728,6,2184,9
192,17280,6,0,0
193,1729,6,3564,9
194,1730,6,5290,21
195,1731,6,1733.25,18
196,1733,6,1080,8
197,1734,6,279,1
198,1736,6,417,3
199,1737,6,0,2
200,1738,6,1675,9
201,1741,6,529,3
202,1742,6,438,5
203,1744,6,1028,12
204,1745,6,3995,10
205,1746,6,5546.33333333333,20
206,1747,6,508,6
207,1748,6,549,2
208,1750,6,3252,14
209,1751,6,157,1
210,1752,6,358,8
211,1755,6,447,9
212,1756,6,676,21
213,1757,6,845,9
214,17582,6,0,0
215,17583,6,2820,23
216,1760,6,954,6
217,1764,6,534,3
218,176407,6,4019,14
219,1765,6,0,0
220,1767,6,129,1
221,1768,6,547,9
222,176808,6,0,0
223,176816,6,10503,49
224,1769,6,299,5
225,176938,6,0,0
226,1770,6,0,0
227,1771,6,0,0
228,1772,6,117,1
229,1773,6,656,7
230,1774,6,337,1
231,1775,6,84,3
232,1776,6,149,1
233,1777,6,723,20
234,1778,6,834,12
235,1779,6,953,20
236,1780,6,1370,22
237,1781,6,1721,8
238,1782,6,894,13
239,1783,6,2228,36
240,1785,6,536,26
241,1786,6,4491,12
242,1787,6,4460,6
243,1789,6,3001,12
244,1791,6,636,7
245,17926,6,0,0
246,1793,6,1529,31
247,1795,6,5596,5
248,1797,6,194,2
249,1798,6,189,1
250,1799,6,183,4
251,1800,6,145,1
252,1801,6,0,0
253,1802,6,0,0
254,1804,6,0,0
255,1805,6,0,0
256,1806,6,0,0
257,1807,6,0,0
258,1808,6,0,0
259,1809,6,3996,9
260,1811,6,536,6
261,18113,6,0,0
262,18114,6,5819,29
263,18116,6,0,0
264,18117,6,1562,11
265,1812,6,298,2
266,1813,6,1102,20
267,1814,6,977,115
268,1815,6,566,6
269,181504,6,2768,8
270,1819,6,3580,20
271,1820,6,3418,14
272,1821,6,0,0
273,1822,6,246,3
274,1823,6,1250,20
275,1825,6,2153,22
276,1826,6,4558,18
277,1827,6,1118,12
278,182909,6,0,0
279,182916,6,12535.625,65
280,182931,6,0,0
281,1830,6,3296,13
282,1832,6,3999,13
283,1833,6,12936,39
284,18331,6,1176,8
285,18335,6,0,0
286,1834,6,1815,15
287,1835,6,2570,9
288,1836,6,4952,13
289,183809,6,349,1
290,183816,6,0,0
291,1853,6,0,0
292,1854,6,1806,6
293,1855,6,3504,10
294,1856,6,3586,53
295,188665,6,245,2
296,188720,6,0,0
297,189333,6,0,0
298,191719,6,0,0
299,19316,6,1796,5
300,19969,6,0,0
301,20039,6,0,0
302,20044,6,0,0
303,20045,6,621,25
304,20221,6,0,0
305,20222,6,199,1
306,205512,6,3702.21428571429,38
307,205997,6,0,0
308,20994,6,0,0
309,20995,6,2031.5,8
310,21004,6,0,0
311,21005,6,6522,14
312,21426,6,3505.66666666667,26
313,21890,6,0,0
314,225002,6,0,0
315,225036,6,0,0
316,225565,6,8835,47
317,225619,6,0,0
318,225620,6,0,0
319,226373,6,0,0
320,233009,6,1398,3
321,233758,6,1499,1
322,233797,6,0,0
323,233798,6,399,2
324,237273,6,0,0
325,237276,6,0,0
326,238240,6,0,0
327,239397,6,0,0
328,239525,6,1651,2
329,239532,6,0,0
330,244118,6,0,0
331,244356,6,0,0
332,24453,6,5175,3
333,24456,6,0,0
334,245601,6,1567,17
335,245608,6,0,0
336,245611,6,0,0
337,245612,6,0,0
338,2489,6,0,0
339,2499,6,0,0
340,2500,6,0,0
341,25203,6,0,0
342,255391,6,0,0
343,255392,6,0,0
344,255399,6,2651,17
345,256245,6,0,0
346,25928,6,284,4
347,25930,6,0,0
348,26480,6,0,0
349,26481,6,750,24
350,26488,6,0,0
351,26489,6,116,2
352,26490,6,4031,27
353,27197,6,0,0
354,29072,6,0,0
355,29073,6,11186,57
356,29090,6,9490.81818181818,112
357,29091,6,0,0
358,29111,6,950,7
359,29112,6,0,0
360,296311,6,1947,3
361,29700,6,0,0
362,297536,6,0,0
363,29846,6,0,0
364,29851,6,0,0
365,30057,6,536,6
366,30064,6,517,6
367,30069,6,381,5
368,303258,6,0,0
369,30373,6,4160,15
370,304254,6,1146,10
371,305355,6,0,0
372,323551,6,5625,15
373,324639,6,0,0
374,33920,6,0,0
375,345128,6,1295,25
376,345177,6,0,0
377,34880,6,0,0
378,361412,6,0,0
379,370438,6,0,0
380,392492,6,0,0
381,395531,6,0,0
382,399012,6,0,0
383,399026,6,0,0
384,417887,6,0,0
385,422892,6,0,0
386,440422,6,980,21
387,440740,6,0,0
388,440751,6,620,4
389,445240,6,0,0
390,47996,6,0,0
391,48139,6,0,0
392,489945,6,675,20
393,491099,6,0,0
394,4934,6,0,0
395,4935,6,0,0
396,4936,6,0,0
397,4937,6,0,0
398,4938,6,0,0
399,4939,6,0,0
400,4940,6,0,0
401,4943,6,0,0
402,5136,6,0,0
403,5137,6,0,0
404,5138,6,0,0
405,5139,6,0,0
406,5140,6,0,0
407,5142,6,0,0
408,5143,6,0,0
409,5144,6,0,0
410,5145,6,0,0
411,5147,6,0,0
412,5149,6,0,0
413,5153,6,0,0
414,5156,6,0,0
415,5157,6,0,0
416,5159,6,0,0
417,5160,6,0,0
418,5161,6,0,0
419,5162,6,0,0
420,5163,6,0,0
421,5165,6,0,0
422,5166,6,0,0
423,5167,6,0,0
424,5169,6,0,0
425,5171,6,0,0
426,5173,6,0,0
427,5174,6,0,0
428,5175,6,0,0
429,5176,6,0,0
430,5180,6,0,0
431,5182,6,0,0
432,5183,6,0,0
433,5184,6,0,0
434,5185,6,0,0
435,5186,6,0,0
436,5187,6,0,0
437,5188,6,0,0
438,5189,6,0,0
439,5191,6,0,0
440,5194,6,0,0
441,5195,6,0,0
442,5197,6,0,0
443,5198,6,0,0
444,5199,6,0,0
445,5200,6,0,0
446,5201,6,0,0
447,5203,6,0,0
448,5204,6,0,0
449,5205,6,0,0
450,5206,6,0,0
451,5207,6,0,0
452,5208,6,0,0
453,5209,6,0,0
454,5210,6,0,0
455,5212,6,0,0
456,5213,6,0,0
457,5214,6,0,0
458,5215,6,0,0
459,5216,6,0,0
460,5217,6,0,0
461,5219,6,0,0
462,5220,6,0,0
463,5221,6,0,0
464,5222,6,0,0
465,5224,6,0,0
466,5225,6,0,0
467,5226,6,0,0
468,5227,6,0,0
469,5228,6,0,0
470,5229,6,0,0
471,5230,6,0,0
472,5231,6,0,0
473,5232,6,0,0
474,5233,6,0,0
475,5234,6,0,0
476,5235,6,0,0
477,5236,6,0,0
478,5240,6,0,0
479,5241,6,0,0
480,5242,6,0,0
481,5243,6,0,0
482,5245,6,0,0
483,5246,6,0,0
484,5247,6,0,0
485,5248,6,0,0
486,5249,6,0,0
487,5250,6,0,0
488,5251,6,0,0
489,5252,6,0,0
490,5254,6,0,0
491,5255,6,0,0
492,5256,6,0,0
493,5257,6,0,0
494,5258,6,0,0
495,5262,6,0,0
496,5263,6,0,0
497,5264,6,0,0
498,5265,6,0,0
499,5266,6,0,0
500,5268,6,0,0
501,5269,6,0,0
502,5270,6,0,0
503,5271,6,0,0
504,5272,6,0,0
505,5273,6,0,0
506,5274,6,0,0
507,5275,6,0,0
508,5280,6,0,0
509,5281,6,0,0
510,5283,6,0,0
511,5285,6,0,0
512,5287,6,0,0
513,5288,6,0,0
514,5289,6,0,0
515,5291,6,0,0
516,5292,6,0,0
517,5293,6,0,0
518,5294,6,0,0
519,5295,6,0,0
520,5296,6,0,0
521,5297,6,0,0
522,5298,6,0,0
523,5299,6,0,0
524,5300,6,0,0
525,5302,6,0,0
526,5303,6,0,0
527,5304,6,0,0
528,5305,6,0,0
529,5308,6,0,0
530,5310,6,0,0
531,5311,6,0,0
532,5312,6,0,0
533,5313,6,0,0
534,5314,6,0,0
535,5315,6,0,0
536,5316,6,0,0
537,5317,6,0,0
538,5318,6,0,0
539,5319,6,0,0
540,5320,6,0,0
541,5321,6,0,0
542,5322,6,0,0
543,5324,6,0,0
544,5325,6,0,0
545,5326,6,0,0
546,5327,6,0,0
547,5328,6,0,0
548,5329,6,0,0
549,5330,6,0,0
550,5331,6,0,0
551,5332,6,0,0
552,5333,6,0,0
553,5334,6,0,0
554,5337,6,0,0
555,5339,6,0,0
556,5340,6,0,0
557,5344,6,0,0
558,5345,6,0,0
559,5347,6,0,0
560,5348,6,0,0
561,5350,6,0,0
562,5351,6,0,0
563,5353,6,0,0
564,5354,6,0,0
565,5355,6,0,0
566,5356,6,0,0
567,5357,6,0,0
568,5358,6,0,0
569,5359,6,0,0
570,5361,6,0,0
571,5362,6,0,0
572,5364,6,0,0
573,5365,6,0,0
574,5366,6,0,0
575,5373,6,0,0
576,5377,6,0,0
577,5378,6,0,0
578,5379,6,0,0
579,5381,6,0,0
580,5382,6,0,0
581,5383,6,0,0
582,5384,6,0,0
583,5389,6,0,0
584,559997,6,0,0
585,559999,6,0,0
586,613615,6,0,0
587,613775,6,0,0
588,630713,6,0,0
589,654323,6,713,6
590,654331,6,0,0
591,654909,6,0,0
592,654914,6,1674,6
593,670769,6,3842,12
594,670835,6,0,0
595,675499,6,0,0
596,67588,6,0,0
597,67620,6,0,0
598,678967,6,0,0
599,679409,6,0,0
600,679411,6,0,0
601,679443,6,0,0
602,679444,6,0,0
603,679503,6,0,0
604,683013,6,0,0
605,683014,6,7270,23
606,684026,6,0,0
607,684055,6,0,0
608,691333,6,0,0
609,695760,6,3703,26
610,697203,6,0,0
611,702331,6,6993,9
612,702859,6,19347,31
613,704630,6,0,0
614,704632,6,0,0
615,705681,6,1935,9
616,711627,6,0,0
617,712545,6,0,0
618,717769,6,1062,4
619,717848,6,0,0
620,719931,6,1292,10
621,719933,6,0,0
622,75986,6,0,0
623,763013,6,0,0
624,763014,6,2201,15
625,763037,6,0,0
626,763051,6,5127,24
627,76659,6,0,0
628,767532,6,0,0
629,767534,6,9789,15
630,767612,6,0,0
631,767613,6,1273,21
632,795904,6,0,0
633,795905,6,3025,20
634,800814,6,0,0
635,800815,6,3465,11
636,803483,6,0,0
637,810628,6,0,0
638,815553,6,0,0
639,815557,6,8076,20
640,825238,6,0,0
641,825239,6,9890,25
642,829338,6,0,0
643,829339,6,1846,11
644,836774,6,0,0
645,836776,6,1422,6
646,837383,6,0,0
647,837387,6,11122,42
648,84735,6,0,0
649,84741,6,0,0
650,851783,6,0,0
651,851784,6,1638,4
652,852746,6,0,0
653,852747,6,3174,15
654,852768,6,0,0
655,852769,6,2402,11
656,855240,6,0,0
657,855241,6,346,2
658,856425,6,0,0
659,856833,6,0,0
660,856834,6,736,9
661,859451,6,0,0
662,859452,6,2634,8
663,869335,6,0,0
664,869336,6,1377,7
665,873070,6,5278,30
666,87456,6,0,0
667,87531,6,0,0
668,875973,6,0,0
669,876638,6,0,0
670,876639,6,0,0
671,876641,6,0,0
672,876642,6,0,0
673,876644,6,0,0
674,876645,6,0,0
675,876676,6,1076,5
676,884083,6,0,0
677,886131,6,0,0
678,886223,6,0,0
679,886224,6,1192,16
680,893816,6,0,0
681,893817,6,2356,8
682,896875,6,2312,3
683,905332,6,0,0
684,905339,6,0,0
685,906911,6,0,0
686,920548,6,0,0
687,920549,6,1512,2
688,920558,6,2145,1
689,920562,6,0,0
690,920576,6,0,0
691,922068,6,0,0
692,922069,6,0,0
693,925103,6,0,0
694,92646,6,0,0
695,926914,6,0,0
696,92728,6,0,0
697,96407,6,122,1
698,96409,6,0,0
699,(not set),7,669,1
700,103113,7,0,0
701,107123,7,0,0
702,107125,7,0,0
703,108166,7,0,0
704,111613,7,1525,15
705,113334,7,778,36
706,113335,7,0,0
707,113344,7,0,0
708,113345,7,831.190476190476,79
709,113367,7,0,0
710,113368,7,1009,57
711,113372,7,0,0
712,113373,7,770,31
713,115506,7,0,0
714,134786,7,551,4
715,134822,7,0,0
716,142142,7,0,0
717,142520,7,0,0
718,142671,7,774,10
719,143748,7,0,0
720,143811,7,116,1
721,14451,7,0,0
722,14453,7,0,0
723,14454,7,0,0
724,14456,7,0,0
725,14457,7,0,0
726,14458,7,0,0
727,144664,7,0,0
728,14541,7,0,0
729,14542,7,4947.56126373626,134
730,14544,7,0,0
731,14548,7,0,0
732,14549,7,3486,26
733,14558,7,0,0
734,14583,7,0,0
735,14584,7,4897,59
736,14587,7,7194,6
737,14590,7,0,0
738,14597,7,0,0
739,14598,7,5535,12
740,14600,7,0,0
741,14601,7,2834,12
742,14607,7,0,0
743,14608,7,1096,10
744,14619,7,0,0
745,14620,7,952,12
746,14624,7,0,0
747,14625,7,4469,28
748,14647,7,0,0
749,14648,7,9124,19
750,14701,7,0,0
751,14702,7,0,0
752,14709,7,7335,26
753,14712,7,0,0
754,14713,7,0,0
755,14720,7,0,0
756,14722,7,0,0
757,14726,7,0,0
758,14730,7,0,0
759,14731,7,0,0
760,14732,7,0,0
761,14733,7,0,0
762,14735,7,0,0
763,14923,7,8337,26
764,14942,7,0,0
765,14943,7,2986,25
766,150981,7,0,0
767,151033,7,0,0
768,151807,7,0,0
769,15348,7,393,4
770,15352,7,518,2
771,15405,7,1132,13
772,15407,7,0,0
773,15416,7,0,0
774,15418,7,0,0
775,15420,7,0,0
776,15422,7,0,0
777,157184,7,0,0
778,157846,7,0,0
779,159150,7,0,0
780,159151,7,698,2
781,1598,7,1793,26
782,1599,7,6145.7,40
783,1600,7,0,0
784,1601,7,0,0
785,1602,7,4702,41
786,1603,7,1533,11
787,1605,7,5548,29
788,1606,7,8877,39
789,1610,7,4368,26
790,1611,7,801,27
791,1612,7,1728,36
792,1613,7,2338.5,44
793,1614,7,0,0
794,1615,7,2402,31
795,1616,7,9541.99706959707,103
796,1617,7,0,0
797,1618,7,1334,26
798,1619,7,2555,47
799,1621,7,2181.4,43
800,1623,7,1808,19
801,1624,7,7045,35
802,1625,7,1430,18
803,1626,7,3479,64
804,1628,7,748,4
805,1629,7,4881,35
806,1631,7,2953,32
807,1632,7,6312,32
808,1633,7,1908,53
809,1634,7,3142.28571428571,44
810,1635,7,371,7
811,1636,7,199,1
812,1637,7,1915,14
813,1638,7,1829,12
814,1639,7,1582,43
815,1640,7,0,0
816,1641,7,4056,33
817,1642,7,776,6
818,1644,7,2511,24
819,1645,7,3410,12
820,1646,7,2310,18
821,1647,7,5327,36
822,1649,7,5942,48
823,1650,7,445,3
824,1651,7,3181,22
825,1652,7,2606.85714285714,40
826,1653,7,1254,16
827,1654,7,1757,14
828,1656,7,507,16
829,1657,7,1066,12
830,1658,7,0,0
831,1659,7,2254,51
832,1660,7,1442,12
833,1661,7,245,6
834,1663,7,8098.14285714286,63
835,1664,7,2600,24
836,1665,7,2616,29
837,1666,7,2784.76223776224,200
838,1674,7,5188.64444444444,51
839,1675,7,730,14
840,1676,7,574,4
841,1677,7,9552.33333333333,45
842,1678,7,4359,67
843,1679,7,2807,13
844,1681,7,10422.8333333333,76
845,1682,7,10424.2,101
846,1684,7,5139,39
847,1685,7,4560,42
848,1687,7,2059,13
849,1688,7,3009,49
850,1689,7,5400.77777777778,42
851,1695,7,5176,59
852,1696,7,12919,49
853,1697,7,860,6
854,1698,7,3948,112
855,169800,7,63778,50
856,1699,7,807,7
857,1700,7,473,6
858,1701,7,2070,47
859,170328,7,0,0
860,170391,7,10303.5,85
861,1704,7,1407,11
862,170433,7,406,1
863,1705,7,4026,18
864,1706,7,1538,28
865,1707,7,2484.95,27
866,1709,7,16134.6666666667,50
867,1710,7,15342.1666666667,39
868,1711,7,0,0
869,1713,7,1360,10
870,1714,7,271,2
871,1715,7,5628,19
872,1716,7,0,0
873,1717,7,1710,10
874,1718,7,3743,72
875,17186,7,559,4
876,1719,7,1755,11
877,17194,7,0,0
878,1720,7,2537.5,26
879,1721,7,490,7
880,1722,7,4755.5,25
881,1723,7,5472,22
882,1724,7,0,0
883,1725,7,0,0
884,1726,7,5296.33333333333,23
885,1727,7,768,4
886,17278,7,0,0
887,1728,7,5304,32
888,1729,7,4752,21
889,1730,7,5819,22
890,1731,7,2493,11
891,1733,7,2025,20
892,1734,7,1395,13
893,1736,7,298,2
894,1737,7,237,5
895,1738,7,2475,25
896,1741,7,1512,18
897,1742,7,766,8
898,1744,7,2684.66666666667,34
899,1745,7,4314,7
900,1746,7,13319.1666666667,60
901,1747,7,1270,11
902,1748,7,2573,22
903,1750,7,2941,15
904,1751,7,418,2
905,1752,7,1353,27
906,1755,7,1353,10
907,1756,7,1657,23
908,1757,7,1711,13
909,17582,7,0,0
910,17583,7,5095,43
911,1760,7,1980,21
912,1764,7,305,1
913,176407,7,11862,31
914,1765,7,0,0
915,1767,7,516,8
916,1768,7,690,22
917,176808,7,0,0
918,176816,7,20437.7142857143,84
919,1769,7,115,6
920,176938,7,791,2
921,1770,7,169,2
922,1771,7,77,2
923,1772,7,966,20
924,1773,7,2230,36
925,1774,7,606,17
926,1775,7,0,0
927,1776,7,0,0
928,1777,7,1918.5,21
929,1778,7,1728,22
930,1779,7,1296,19
931,1780,7,1266,18
932,1781,7,7301.5,38
933,1782,7,1430,11
934,1783,7,2905,39
935,1785,7,1001,17
936,1786,7,5239,14
937,1787,7,6341,13
938,1789,7,4690,35
939,1791,7,642,5
940,17926,7,0,0
941,1793,7,1728,25
942,1795,7,16228,15
943,1797,7,194,8
944,1798,7,189,1
945,1799,7,188,4
946,1800,7,0,0
947,1801,7,145,1
948,1802,7,0,0
949,1804,7,0,0
950,1805,7,0,0
951,1806,7,131,1
952,1807,7,0,0
953,1808,7,117,1
954,1809,7,8500,25
955,1811,7,1499,22
956,18113,7,0,0
957,18114,7,12167,59
958,18116,7,0,0
959,18117,7,2469,17
960,1812,7,574,4
961,1813,7,1594,33
962,1814,7,1707,47
963,1815,7,715,9
964,181504,7,4879,12
965,1819,7,6486,27
966,1820,7,5189,22
967,1821,7,0,0
968,1822,7,0,0
969,1823,7,1115,14
970,1825,7,2152,11
971,1826,7,7861,32
972,1827,7,4587,56
973,182909,7,0,0
974,182916,7,19428.6666666667,100
975,182931,7,0,0
976,1830,7,5684,29
977,1832,7,12500,67
978,1833,7,23332.6666666667,67
979,18331,7,3650.5,17
980,18335,7,0,0
981,1834,7,3371,17
982,1835,7,4961,19
983,1836,7,669,6
984,183809,7,2966,9
985,183816,7,0,0
986,1853,7,0,0
987,1854,7,4971,14
988,1855,7,6399,19
989,1856,7,882,4
990,188665,7,136,1
991,188720,7,0,0
992,189333,7,0,0
993,191719,7,0,0
994,19316,7,4071,30
995,19969,7,0,0
996,20039,7,0,0
997,20044,7,0,0
998,20045,7,1311,67
999,20221,7,0,0
1000,20222,7,1194,6
1001,205512,7,6138,30
1002,205997,7,0,0
1003,20994,7,0,0
1004,20995,7,5060.5,18
1005,21004,7,0,0
1006,21005,7,8108,14
1007,21426,7,4189.42857142857,31
1008,21890,7,0,0
1009,225002,7,0,0
1010,225036,7,0,0
1011,225565,7,14679,75
1012,225619,7,0,0
1013,225620,7,0,0
1014,226373,7,699,2
1015,233009,7,1398,5
1016,233758,7,2998,3
1017,233797,7,988,2
1018,233798,7,2395,22
1019,237273,7,0,0
1020,237276,7,0,0
1021,238240,7,0,0
1022,239397,7,0,0
1023,239525,7,1651,1
1024,239532,7,0,0
1025,244118,7,270,1
1026,244356,7,0,0
1027,24453,7,10115,5
1028,24456,7,0,0
1029,245601,7,3708,25
1030,245608,7,245,1
1031,245611,7,0,0
1032,245612,7,5148,3
1033,2489,7,0,0
1034,2499,7,0,0
1035,2500,7,0,0
1036,25203,7,0,0
1037,255391,7,0,0
1038,255392,7,212,1
1039,255399,7,3823.33333333333,23
1040,256245,7,0,0
1041,25928,7,368.5,3
1042,25930,7,0,0
1043,26480,7,0,0
1044,26481,7,1540,48
1045,26488,7,0,0
1046,26489,7,297,3
1047,26490,7,8681,34
1048,27197,7,689,1
1049,29067,7,0,0
1050,29072,7,864,1
1051,29073,7,19522,82
1052,29090,7,16572,158
1053,29091,7,0,0
1054,29111,7,1703,27
1055,29112,7,0,0
1056,296311,7,3894,11
1057,29700,7,0,0
1058,297536,7,0,0
1059,29846,7,0,0
1060,29851,7,0,0
1061,30057,7,679,7
1062,30064,7,544,6
1063,30069,7,394,5
1064,303258,7,0,0
1065,30373,7,6795,16
1066,304254,7,414,8
1067,305355,7,0,0
1068,323551,7,14493,26
1069,324639,7,0,0
1070,33920,7,0,0
1071,345128,7,1389,15
1072,345177,7,0,0
1073,34880,7,0,0
1074,361412,7,0,0
1075,370438,7,0,0
1076,380188,7,0,0
1077,392492,7,0,0
1078,395531,7,0,0
1079,399012,7,0,0
1080,399026,7,0,0
1081,417887,7,0,0
1082,422892,7,0,0
1083,440422,7,1496,17
1084,440740,7,0,0
1085,440751,7,955,5
1086,445240,7,0,0
1087,47996,7,0,0
1088,48139,7,0,0
1089,489945,7,1155,19
1090,491099,7,0,0
1091,4934,7,0,0
1092,4935,7,0,0
1093,4936,7,0,0
1094,4937,7,0,0
1095,4938,7,0,0
1096,4939,7,0,0
1097,4940,7,0,0
1098,4943,7,0,0
1099,5136,7,0,0
1100,5137,7,0,0
1101,5138,7,0,0
1102,5139,7,0,0
1103,5140,7,0,0
1104,5142,7,0,0
1105,5143,7,0,0
1106,5144,7,0,0
1107,5145,7,0,0
1108,5147,7,0,0
1109,5149,7,0,0
1110,5152,7,0,0
1111,5156,7,0,0
1112,5157,7,0,0
1113,5159,7,485,2
1114,5160,7,0,0
1115,5161,7,0,0
1116,5162,7,0,0
1117,5163,7,0,0
1118,5165,7,0,0
1119,5166,7,0,0
1120,5167,7,0,0
1121,5169,7,0,0
1122,5171,7,0,0
1123,5172,7,0,0
1124,5173,7,0,0
1125,5174,7,0,0
1126,5175,7,0,0
1127,5176,7,0,0
1128,5180,7,0,0
1129,5182,7,0,0
1130,5183,7,0,0
1131,5184,7,0,0
1132,5185,7,0,0
1133,5186,7,0,0
1134,5187,7,0,0
1135,5188,7,0,0
1136,5189,7,0,0
1137,5190,7,0,0
1138,5191,7,0,0
1139,5194,7,0,0
1140,5195,7,0,0
1141,5197,7,0,0
1142,5198,7,0,0
1143,5199,7,0,0
1144,5200,7,0,0
1145,5201,7,0,0
1146,5203,7,0,0
1147,5204,7,0,0
1148,5205,7,0,0
1149,5206,7,0,0
1150,5207,7,0,0
1151,5208,7,0,0
1152,5209,7,0,0
1153,5210,7,0,0
1154,5212,7,0,0
1155,5213,7,0,0
1156,5214,7,0,0
1157,5215,7,0,0
1158,5216,7,169,1
1159,5217,7,0,0
1160,5218,7,0,0
1161,5219,7,0,0
1162,5220,7,0,0
1163,5221,7,0,0
1164,5222,7,0,0
1165,5224,7,0,0
1166,5225,7,0,0
1167,5226,7,0,0
1168,5227,7,0,0
1169,5228,7,0,0
1170,5229,7,0,0
1171,5230,7,0,0
1172,5231,7,0,0
1173,5232,7,0,0
1174,5233,7,0,0
1175,5234,7,0,0
1176,5235,7,0,0
1177,5236,7,0,0
1178,5240,7,0,0
1179,5241,7,0,0
1180,5242,7,0,0
1181,5243,7,0,0
1182,5245,7,0,0
1183,5246,7,0,0
1184,5247,7,0,0
1185,5248,7,0,0
1186,5249,7,0,0
1187,5250,7,0,0
1188,5252,7,0,0
1189,5254,7,0,0
1190,5255,7,0,0
1191,5256,7,0,0
1192,5257,7,0,0
1193,5262,7,0,0
1194,5263,7,0,0
1195,5264,7,0,0
1196,5265,7,0,0
1197,5266,7,0,0
1198,5268,7,0,0
1199,5269,7,0,0
1200,5270,7,0,0
1201,5271,7,0,0
1202,5272,7,0,0
1203,5273,7,0,0
1204,5274,7,0,0
1205,5275,7,0,0
1206,5280,7,0,0
1207,5281,7,0,0
1208,5283,7,0,0
1209,5285,7,0,0
1210,5287,7,0,0
1211,5288,7,629,1
1212,5289,7,0,0
1213,5291,7,0,0
1214,5292,7,459,1
1215,5293,7,0,0
1216,5294,7,0,0
1217,5295,7,0,0
1218,5296,7,0,0
1219,5297,7,0,0
1220,5298,7,0,0
1221,5299,7,0,0
1222,5300,7,179,1
1223,5302,7,0,0
1224,5303,7,0,0
1225,5304,7,0,0
1226,5305,7,0,0
1227,5306,7,0,0
1228,5308,7,0,0
1229,5310,7,0,0
1230,5311,7,0,0
1231,5312,7,0,0
1232,5313,7,0,0
1233,5314,7,0,0
1234,5315,7,0,0
1235,5316,7,0,0
1236,5317,7,0,0
1237,5318,7,0,0
1238,5319,7,0,0
1239,5320,7,0,0
1240,5321,7,0,0
1241,5322,7,0,0
1242,5324,7,0,0
1243,5325,7,0,0
1244,5326,7,0,0
1245,5327,7,0,0
1246,5328,7,0,0
1247,5329,7,0,0
1248,5330,7,0,0
1249,5331,7,0,0
1250,5333,7,0,0
1251,5334,7,0,0
1252,5337,7,0,0
1253,5338,7,0,0
1254,5339,7,0,0
1255,5340,7,0,0
1256,5342,7,0,0
1257,5344,7,0,0
1258,5345,7,0,0
1259,5347,7,0,0
1260,5348,7,0,0
1261,5350,7,0,0
1262,5351,7,0,0
1263,5353,7,799,1
1264,5354,7,0,0
1265,5355,7,0,0
1266,5356,7,0,0
1267,5357,7,0,0
1268,5358,7,0,0
1269,5359,7,459,1
1270,5361,7,0,0
1271,5362,7,0,0
1272,5364,7,0,0
1273,5365,7,0,0
1274,5366,7,0,0
1275,5368,7,0,0
1276,5373,7,0,0
1277,5377,7,0,0
1278,5378,7,0,0
1279,5379,7,0,0
1280,5381,7,0,0
1281,5382,7,0,0
1282,5384,7,0,0
1283,5389,7,0,0
1284,559997,7,0,0
1285,559999,7,0,0
1286,560000,7,0,0
1287,613615,7,0,0
1288,613775,7,0,0
1289,630713,7,0,0
1290,654323,7,993,15
1291,654331,7,0,0
1292,654909,7,0,0
1293,654914,7,598,2
1294,670769,7,7668,43
1295,670835,7,0,0
1296,675499,7,0,0
1297,67588,7,0,0
1298,67620,7,0,0
1299,678967,7,0,0
1300,679409,7,0,0
1301,679411,7,0,0
1302,679443,7,0,0
1303,679444,7,0,0
1304,679503,7,0,0
1305,683013,7,0,0
1306,683014,7,13219.6666666667,45
1307,684026,7,0,0
1308,684055,7,0,0
1309,691333,7,0,0
1310,695760,7,5904.28571428571,51
1311,697203,7,0,0
1312,702331,7,16983,31
1313,702859,7,38685,71
1314,704630,7,0,0
1315,704632,7,0,0
1316,705681,7,8473,60
1317,711627,7,0,0
1318,712545,7,0,0
1319,717769,7,584,2
1320,717848,7,0,0
1321,719931,7,578,2
1322,719933,7,0,0
1323,75986,7,0,0
1324,763013,7,0,0
1325,763014,7,2095,12
1326,763037,7,444,1
1327,763051,7,7772,39
1328,76659,7,0,0
1329,767532,7,0,0
1330,767534,7,14985,25
1331,767612,7,0,0
1332,767613,7,924,5
1333,795904,7,0,0
1334,795905,7,3690,14
1335,800814,7,559,1
1336,800815,7,4863,17
1337,803483,7,0,0
1338,810628,7,0,0
1339,815553,7,979,1
1340,815557,7,21723,55
1341,825238,7,0,0
1342,825239,7,20625,50
1343,829338,7,0,0
1344,829339,7,5788,21
1345,836774,7,0,0
1346,836776,7,1397,5
1347,837383,7,0,0
1348,837387,7,19736,72
1349,84735,7,124,1
1350,84741,7,0,0
1351,851783,7,0,0
1352,851784,7,12806,18
1353,852746,7,0,0
1354,852747,7,3710.5,20
1355,852768,7,0,0
1356,852769,7,3346,10
1357,855240,7,0,0
1358,855241,7,329,2
1359,856425,7,0,0
1360,856833,7,0,0
1361,856834,7,2673,33
1362,859451,7,0,0
1363,859452,7,7177,25
1364,869335,7,0,0
1365,869336,7,3645,13
1366,873070,7,10514,52
1367,87456,7,0,0
1368,87531,7,0,0
1369,875973,7,406,2
1370,876638,7,0,0
1371,876639,7,0,0
1372,876641,7,0,0
1373,876642,7,0,0
1374,876644,7,0,0
1375,876645,7,0,0
1376,876676,7,2071,13
1377,884083,7,0,0
1378,886131,7,0,0
1379,886223,7,0,0
1380,886224,7,1147,13
1381,893816,7,589,1
1382,893817,7,6288,19
1383,896875,7,1580,3
1384,897243,7,0,0
1385,905332,7,0,0
1386,905339,7,0,0
1387,906911,7,0,0
1388,920548,7,0,0
1389,920549,7,7881,19
1390,920558,7,21627,24
1391,920562,7,0,0
1392,920576,7,970,3
1393,922068,7,0,0
1394,922069,7,4501,15
1395,925103,7,0,0
1396,92646,7,0,0
1397,926914,7,0,0
1398,92728,7,0,0
1399,928090,7,247,5
1400,928310,7,0,0
1401,928636,7,0,0
1402,928650,7,0,0
1403,928652,7,0,0
1404,942314,7,1962,6
1405,948210,7,0,0
1406,948955,7,0,0
1407,951921,7,744,1
1408,952979,7,0,0
1409,955997,7,0,0
1410,958082,7,0,0
1411,958088,7,0,0
1412,958103,7,0,0
1413,958105,7,0,0
1414,958214,7,0,0
1415,958590,7,0,0
1416,96407,7,122,1
1417,96409,7,0,0
1418,(not set),8,0,0
1419,103113,8,0,0
1420,107123,8,0,0
1421,107125,8,0,0
1422,108166,8,0,0
1423,111613,8,1547,18
1424,113334,8,255,19
1425,113335,8,0,0
1426,113344,8,0,0
1427,113345,8,340,10
1428,113367,8,0,0
1429,113368,8,255,8
1430,113372,8,0,0
1431,113373,8,255,9
1432,114503,8,0,0
1433,115506,8,0,0
1434,134786,8,596,6
1435,134822,8,0,0
1436,142142,8,0,0
1437,142520,8,0,0
1438,142671,8,544,4
1439,143748,8,0,0
1440,143811,8,258,2
1441,14451,8,0,0
1442,14453,8,0,0
1443,14454,8,0,0
1444,14456,8,0,0
1445,14457,8,0,0
1446,14458,8,0,0
1447,144664,8,0,0
1448,14542,8,4488.1974025974,103
1449,14544,8,0,0
1450,14548,8,0,0
1451,14549,8,4785,41
1452,14558,8,0,0
1453,14583,8,0,0
1454,14584,8,4565,39
1455,14587,8,9592,13
1456,14590,8,0,0
1457,14591,8,0,0
1458,14597,8,0,0
1459,14598,8,4932,12
1460,14600,8,0,0
1461,14601,8,3402,16
1462,14607,8,0,0
1463,14608,8,1152,10
1464,14619,8,0,0
1465,14620,8,1068,22
1466,14624,8,0,0
1467,14625,8,3024,6
1468,14647,8,0,0
1469,14648,8,10298,20
1470,14701,8,0,0
1471,14702,8,0,0
1472,14709,8,8816,116
1473,14713,8,0,0
1474,14720,8,0,0
1475,14722,8,0,0
1476,14726,8,0,0
1477,14727,8,0,0
1478,14730,8,0,0
1479,14731,8,0,0
1480,14732,8,0,0
1481,14733,8,0,0
1482,14734,8,0,0
1483,14735,8,0,0
1484,14923,8,5229,26
1485,14942,8,0,0
1486,14943,8,3054,19
1487,150981,8,0,0
1488,151033,8,0,0
1489,151807,8,0,0
1490,15348,8,1043,13
1491,15352,8,518,3
1492,15405,8,1639,23
1493,15407,8,578,4
1494,15416,8,0,0
1495,15418,8,0,0
1496,15420,8,0,0
1497,15422,8,0,0
1498,157184,8,0,0
1499,157846,8,0,0
1500,159150,8,0,0
1501,159151,8,349,1
1502,1598,8,2090,26
1503,1599,8,8985.5,66
1504,1600,8,0,0
1505,1601,8,0,0
1506,1602,8,5112.16666666667,33
1507,1603,8,1533,10
1508,1605,8,3264,13
1509,1606,8,7183,18
1510,1610,8,3348,19
1511,1611,8,1670,24
1512,1612,8,2616,40
1513,1613,8,1394.4064516129,63
1514,1614,8,0,0
1515,1615,8,2964,36
1516,1616,8,10015.8861471861,146
1517,1617,8,0,0
1518,1618,8,1251,51
1519,1619,8,1152,10
1520,1621,8,2339.31818181818,42
1521,1623,8,1859,21
1522,1624,8,14198.9523809524,43
1523,1625,8,1785,18
1524,1626,8,2616,28
1525,1628,8,2064,20
1526,1629,8,3390,22
1527,1631,8,2685,30
1528,1632,8,5976,40
1529,1633,8,2544,20
1530,1634,8,3766,43
1531,1635,8,74,1
1532,1636,8,398,5
1533,1637,8,3718,26
1534,1638,8,1883,11
1535,1639,8,978,11
1536,1640,8,0,0
1537,1641,8,3744,17
1538,1642,8,1592,24
1539,1644,8,3012,32
1540,1645,8,2933,9
1541,1646,8,1956,19
1542,1647,8,3509,16
1543,1649,8,7785,28
1544,1650,8,936,9
1545,1651,8,3608,21
1546,1652,8,1690,28
1547,1653,8,640,8
1548,1654,8,1472,16
1549,1656,8,445,10
1550,1657,8,498,4
1551,1658,8,0,0
1552,1659,8,2385,45
1553,1660,8,1236,10
1554,1661,8,258,12
1555,1663,8,4056.75,33
1556,1664,8,1625,24
1557,1665,8,3285,50
1558,1666,8,3339,100
1559,1674,8,5696.66666666667,42
1560,1675,8,1381,12
1561,1676,8,1914,11
1562,1677,8,9700.06666666667,31
1563,1678,8,3274,7
1564,1679,8,3759,24
1565,1681,8,9639,35
1566,1682,8,10098,50
1567,1684,8,4927,24
1568,1685,8,3465,16
1569,1687,8,1091,9
1570,1688,8,1100,4
1571,1689,8,4266,43
1572,1695,8,2331,19
1573,1696,8,5661,12
1574,1697,8,645,8
1575,1698,8,1646.33333333333,24
1576,169800,8,71891,139
1577,1699,8,1196,8
1578,1700,8,338,2
1579,1701,8,2160,54
1580,170328,8,0,0
1581,170391,8,8056,105
1582,1704,8,309,11
1583,170433,8,0,0
1584,1705,8,1700,6
1585,1706,8,1673,11
1586,1707,8,2225.09090909091,34
1587,1709,8,20007,65
1588,1710,8,12312.8,47
1589,1711,8,0,0
1590,1713,8,3160,31
1591,1714,8,1530,7
1592,1715,8,3380,14
1593,1716,8,0,0
1594,1717,8,3082,17
1595,1718,8,4056,92
1596,17186,8,820,14
1597,1719,8,2539.60606060606,29
1598,17194,8,0,0
1599,1720,8,1184,10
1600,1721,8,1161,21
1601,1722,8,3663,11
1602,1723,8,7619,44
1603,1724,8,0,0
1604,1725,8,0,0
1605,1726,8,5340.44444444444,38
1606,1727,8,1773,17
1607,17278,8,0,0
1608,1728,8,5684,44
1609,1729,8,6802,58
1610,1730,8,5817,18
1611,1731,8,5127,27
1612,1733,8,2475,24
1613,1734,8,1953,16
1614,1736,8,1192,14
1615,1737,8,0,10
1616,1738,8,2817.33333333333,23
1617,1741,8,1323,16
1618,1742,8,1112,23
1619,1744,8,1253,17
1620,1745,8,11503,26
1621,1746,8,14402.5,69
1622,1747,8,762,5
1623,1748,8,2079,13
1624,1750,8,3770,31
1625,1751,8,1672,10
1626,1752,8,796,10
1627,1755,8,796,5
1628,1756,8,1791,15
1629,1757,8,0,0
1630,17582,8,0,0
1631,17583,8,3465,28
1632,1760,8,1843,18
1633,1764,8,1220,8
1634,176407,8,12737,80
1635,1765,8,0,0
1636,1767,8,344,4
1637,1768,8,243,2
1638,176808,8,0,0
1639,176816,8,21795,131
1640,1769,8,345,4
1641,176938,8,0,0
1642,1770,8,178,5
1643,1771,8,258,3
1644,1772,8,876,20
1645,1773,8,1640,14
1646,1774,8,337,1
1647,1775,8,206.777777777778,18
1648,1776,8,149,1
1649,1777,8,2533,36
1650,1778,8,1639,25
1651,1779,8,1490,15
1652,1780,8,1639,29
1653,1781,8,8042,29
1654,1782,8,744,8
1655,1783,8,1194,12
1656,1785,8,745,30
1657,1786,8,6485,21
1658,1787,8,15387,36
1659,1789,8,5611,33
1660,1791,8,825,19
1661,17926,8,0,0
1662,1793,8,1341,16
1663,1795,8,19024,25
1664,1797,8,97,3
1665,1798,8,796,4
1666,1799,8,99,2
1667,1800,8,0,0
1668,1801,8,145,2
1669,1802,8,0,0
1670,1804,8,0,0
1671,1805,8,0,0
1672,1806,8,0,0
1673,1807,8,0,0
1674,1808,8,0,0
1675,1809,8,9350,27
1676,1811,8,1341,27
1677,18113,8,423,1
1678,18114,8,11634,120
1679,18116,8,0,0
1680,18117,8,3348,31
1681,1812,8,1043,12
1682,1813,8,2086,29
1683,1814,8,1639,37
1684,1815,8,1490,35
1685,181504,8,6757,18
1686,1819,8,7202,56
1687,1820,8,6487,18
1688,1821,8,0,0
1689,1822,8,867,6
1690,1823,8,1497,55
1691,1825,8,2152,27
1692,1826,8,9700,60
1693,1827,8,2632,27
1694,182909,8,0,0
1695,182916,8,21551.1384615385,295
1696,182931,8,647,1
1697,1830,8,7199,38
1698,1832,8,13894,66
1699,1833,8,26580.1111111111,165
1700,18331,8,1583,11
1701,18335,8,0,0
1702,1834,8,3516,29
1703,1835,8,2706,12
1704,183809,8,3698,14
1705,183816,8,0,0
1706,1853,8,0,0
1707,1854,8,5159,21
1708,1855,8,7425,35
1709,1856,8,1510,9
1710,188665,8,408,4
1711,188720,8,0,0
1712,189333,8,0,0
1713,191719,8,0,0
1714,19316,8,4733,22
1715,19969,8,0,0
1716,20039,8,0,0
1717,20044,8,69,1
1718,20045,8,1191,62
1719,20221,8,0,0
1720,20222,8,1791,21
1721,205512,8,6477,72
1722,205997,8,546,2
1723,20994,8,0,0
1724,20995,8,4104.5,22
1725,21004,8,0,0
1726,21005,8,7074,20
1727,21426,8,5585.33333333333,34
1728,21890,8,0,0
1729,225002,8,1506,3
1730,225036,8,904,1
1731,225565,8,17907.5,149
1732,225619,8,0,0
1733,225620,8,0,0
1734,226373,8,0,0
1735,233009,8,4194,7
1736,233758,8,8994,8
1737,233797,8,2470,5
1738,233798,8,2994,7
1739,237273,8,0,0
1740,237276,8,0,0
1741,238240,8,0,0
1742,239397,8,0,0
1743,239525,8,4953,3
1744,239532,8,0,0
1745,244118,8,0,0
1746,244356,8,0,0
1747,24453,8,16390,14
1748,24456,8,0,0
1749,245601,8,4661.33333333333,50
1750,245608,8,0,0
1751,245611,8,0,0
1752,245612,8,0,0
1753,2489,8,0,0
1754,2499,8,0,0
1755,2500,8,0,0
1756,25203,8,0,0
1757,255391,8,0,0
1758,255392,8,498,3
1759,255399,8,6473.5,36
1760,256245,8,0,0
1761,25928,8,945,6
1762,25930,8,0,0
1763,26480,8,0,0
1764,26481,8,1105,40
1765,26488,8,0,0
1766,26489,8,198,3
1767,26490,8,13088,81
1768,27197,8,0,0
1769,29072,8,0,0
1770,29073,8,20685.9230769231,155
1771,29090,8,14806,249
1772,29091,8,0,0
1773,29111,8,1639,18
1774,29112,8,0,0
1775,296311,8,3365,5
1776,29700,8,0,0
1777,297536,8,0,0
1778,29846,8,0,0
1779,29851,8,0,0
1780,30057,8,745,7
1781,30064,8,680,11
1782,30069,8,136,1
1783,303258,8,0,0
1784,30373,8,3810,6
1785,304254,8,654,7
1786,305355,8,0,0
1787,323551,8,14764,53
1788,324639,8,0,0
1789,33920,8,0,0
1790,345128,8,596,5
1791,345177,8,0,0
1792,34880,8,0,0
1793,361412,8,0,0
1794,370438,8,0,0
1795,380188,8,0,0
1796,392492,8,0,0
1797,395531,8,0,0
1798,399012,8,199,8
1799,399026,8,0,0
1800,417887,8,0,0
1801,422892,8,0,0
1802,440422,8,952,21
1803,440740,8,0,0
1804,440751,8,2226,16
1805,445240,8,0,0
1806,47996,8,0,0
1807,48139,8,0,0
1808,489945,8,545,32
1809,491099,8,0,0
1810,4934,8,0,0
1811,4935,8,0,0
1812,4936,8,293,1
1813,4937,8,0,0
1814,4938,8,0,0
1815,4939,8,0,0
1816,4940,8,0,0
1817,4943,8,0,0
1818,5136,8,0,0
1819,5137,8,0,0
1820,5138,8,0,0
1821,5139,8,0,0
1822,5140,8,0,0
1823,5142,8,0,0
1824,5143,8,0,0
1825,5144,8,0,0
1826,5145,8,0,0
1827,5147,8,0,0
1828,5148,8,0,0
1829,5149,8,0,0
1830,5153,8,0,0
1831,5156,8,0,0
1832,5157,8,0,0
1833,5159,8,0,0
1834,5160,8,0,0
1835,5161,8,0,0
1836,5162,8,0,0
1837,5163,8,0,0
1838,5165,8,0,0
1839,5166,8,0,0
1840,5167,8,0,0
1841,5169,8,0,0
1842,5171,8,0,0
1843,5172,8,0,0
1844,5173,8,0,0
1845,5174,8,0,0
1846,5175,8,0,0
1847,5176,8,0,0
1848,5180,8,0,0
1849,5182,8,0,0
1850,5183,8,0,0
1851,5184,8,0,0
1852,5185,8,0,0
1853,5186,8,0,0
1854,5187,8,0,0
1855,5188,8,0,0
1856,5189,8,0,0
1857,5190,8,0,0
1858,5191,8,0,0
1859,5194,8,0,0
1860,5195,8,0,0
1861,5196,8,0,0
1862,5197,8,0,0
1863,5198,8,0,0
1864,5199,8,0,0
1865,5200,8,0,0
1866,5201,8,0,0
1867,5203,8,479,1
1868,5204,8,0,0
1869,5205,8,0,0
1870,5206,8,0,0
1871,5207,8,0,0
1872,5208,8,0,0
1873,5209,8,0,0
1874,5210,8,0,0
1875,5212,8,0,0
1876,5213,8,0,0
1877,5214,8,0,0
1878,5215,8,0,0
1879,5216,8,0,0
1880,5217,8,0,0
1881,5218,8,0,0
1882,5219,8,0,0
1883,5220,8,0,0
1884,5221,8,0,0
1885,5222,8,0,0
1886,5224,8,0,0
1887,5225,8,0,0
1888,5226,8,0,0
1889,5227,8,0,0
1890,5228,8,0,0
1891,5229,8,0,0
1892,5230,8,0,0
1893,5231,8,0,0
1894,5232,8,0,0
1895,5233,8,0,0
1896,5234,8,0,0
1897,5235,8,0,0
1898,5236,8,0,0
1899,5240,8,0,0
1900,5241,8,0,0
1901,5242,8,0,0
1902,5243,8,0,0
1903,5245,8,0,0
1904,5246,8,0,0
1905,5247,8,0,0
1906,5248,8,0,0
1907,5249,8,0,0
1908,5250,8,0,0
1909,5252,8,0,0
1910,5254,8,0,0
1911,5255,8,0,0
1912,5256,8,0,0
1913,5257,8,0,0
1914,5262,8,0,0
1915,5263,8,119,1
1916,5264,8,0,0
1917,5265,8,0,0
1918,5266,8,0,0
1919,5268,8,0,0
1920,5269,8,0,0
1921,5270,8,0,0
1922,5271,8,0,0
1923,5272,8,0,0
1924,5273,8,0,0
1925,5274,8,0,0
1926,5275,8,0,0
1927,5280,8,0,0
1928,5281,8,0,0
1929,5283,8,0,0
1930,5285,8,0,0
1931,5287,8,0,0
1932,5288,8,0,0
1933,5289,8,0,0
1934,5291,8,0,0
1935,5292,8,0,0
1936,5293,8,0,0
1937,5294,8,0,0
1938,5295,8,0,0
1939,5296,8,0,0
1940,5297,8,0,0
1941,5298,8,0,0
1942,5299,8,0,0
1943,5300,8,0,0
1944,5302,8,0,0
1945,5303,8,0,0
1946,5304,8,0,0
1947,5305,8,0,0
1948,5308,8,0,0
1949,5310,8,0,0
1950,5311,8,0,0
1951,5312,8,0,0
1952,5313,8,0,0
1953,5314,8,0,0
1954,5315,8,0,0
1955,5316,8,0,0
1956,5317,8,0,0
1957,5318,8,0,0
1958,5319,8,0,0
1959,5320,8,0,0
1960,5321,8,0,0
1961,5322,8,0,0
1962,5324,8,0,0
1963,5325,8,0,0
1964,5326,8,0,0
1965,5327,8,0,0
1966,5328,8,0,0
1967,5329,8,0,0
1968,5330,8,0,0
1969,5331,8,0,0
1970,5332,8,0,0
1971,5333,8,0,0
1972,5334,8,0,0
1973,5337,8,0,0
1974,5338,8,0,0
1975,5339,8,0,0
1976,5340,8,0,0
1977,5342,8,0,0
1978,5344,8,0,0
1979,5345,8,0,0
1980,5347,8,0,0
1981,5348,8,0,0
1982,5350,8,0,0
1983,5351,8,0,0
1984,5353,8,0,0
1985,5354,8,0,0
1986,5355,8,0,0
1987,5356,8,0,0
1988,5357,8,0,0
1989,5358,8,0,0
1990,5359,8,0,0
1991,5360,8,0,0
1992,5361,8,0,0
1993,5362,8,0,0
1994,5364,8,0,0
1995,5365,8,0,0
1996,5366,8,0,0
1997,5373,8,0,0
1998,5377,8,0,0
1999,5378,8,0,0
2000,5379,8,0,0
2001,5381,8,0,0
2002,5382,8,0,0
2003,5389,8,0,0
2004,5393,8,0,0
2005,559997,8,0,0
2006,559999,8,0,0
2007,560000,8,0,0
2008,613615,8,0,0
2009,613775,8,0,0
2010,630713,8,0,0
2011,654323,8,951,10
2012,654331,8,0,0
2013,654909,8,0,0
2014,654914,8,1794,8
2015,670769,8,6487,26
2016,670835,8,0,0
2017,675499,8,0,0
2018,67588,8,0,0
2019,67620,8,0,0
2020,678967,8,0,0
2021,679409,8,0,0
2022,679411,8,0,0
2023,679443,8,0,0
2024,679444,8,0,0
2025,679503,8,0,0
2026,683013,8,0,0
2027,683014,8,11982,46
2028,684026,8,0,0
2029,684055,8,0,0
2030,691333,8,0,0
2031,695760,8,7745.5,108
2032,697203,8,0,0
2033,702331,8,14583,29
2034,702859,8,37902.6666666667,153
2035,704630,8,0,0
2036,704632,8,0,0
2037,705681,8,2695,16
2038,711627,8,0,0
2039,712545,8,0,0
2040,717769,8,2317,12
2041,717848,8,0,0
2042,719931,8,1206,6
2043,719933,8,0,0
2044,75986,8,0,0
2045,763013,8,0,0
2046,763014,8,4456,23
2047,763037,8,355,1
2048,763051,8,8965,74
2049,76659,8,0,0
2050,767532,8,0,0
2051,767534,8,17779,44
2052,767612,8,0,0
2053,767613,8,319,1
2054,795904,8,0,0
2055,795905,8,5532,35
2056,800814,8,0,0
2057,800815,8,5588,30
2058,803483,8,0,0
2059,810628,8,0,0
2060,815553,8,0,0
2061,815557,8,20555,125
2062,825238,8,0,0
2063,825239,8,17235,28
2064,829338,8,0,0
2065,829339,8,6684,41
2066,836774,8,0,0
2067,836776,8,2495,8
2068,837383,8,0,0
2069,837387,8,18207,116
2070,84735,8,0,0
2071,84741,8,0,0
2072,851783,8,0,0
2073,851784,8,6783,12
2074,852746,8,0,0
2075,852747,8,4290,17
2076,852768,8,0,0
2077,852769,8,2145,7
2078,855240,8,0,0
2079,855241,8,519,3
2080,856425,8,0,0
2081,856833,8,0,0
2082,856834,8,4376.5,85
2083,859451,8,439,2
2084,859452,8,7902,32
2085,869335,8,0,0
2086,869336,8,3192,15
2087,873070,8,8534,111
2088,87456,8,0,0
2089,87531,8,0,0
2090,875973,8,0,0
2091,876638,8,0,0
2092,876641,8,0,0
2093,876642,8,0,0
2094,876644,8,0,0
2095,876645,8,0,0
2096,876676,8,3136,22
2097,884083,8,0,0
2098,886131,8,0,0
2099,886223,8,0,0
2100,886224,8,596,7
2101,893816,8,0,0
2102,893817,8,2348,5
2103,896875,8,1580,2
2104,897243,8,2709,3
2105,905332,8,0,0
2106,905339,8,0,0
2107,906911,8,0,0
2108,920548,8,0,0
2109,920549,8,10368,44
2110,920558,8,34182,36
2111,920562,8,0,0
2112,920576,8,1740,5
2113,922068,8,0,0
2114,922069,8,5144,11
2115,925103,8,0,0
2116,92646,8,0,0
2117,926914,8,0,0
2118,92728,8,0,0
2119,928090,8,0,0
2120,928636,8,0,0
2121,928650,8,0,0
2122,928652,8,0,0
2123,942314,8,3855,8
2124,948210,8,0,0
2125,948955,8,0,0
2126,951921,8,14466,45
2127,952979,8,1080,8
2128,955997,8,2103,22
2129,958082,8,0,0
2130,958088,8,0,0
2131,958103,8,0,0
2132,958105,8,1806,2
2133,958214,8,0,0
2134,958590,8,0,0
2135,963805,8,0,0
2136,963811,8,1806,2
2137,963815,8,0,0
2138,971053,8,0,0
2139,971246,8,0,0
2140,971249,8,0,0
2141,971264,8,0,0
2142,977592,8,0,0
2143,977593,8,0,0
2144,977594,8,0,0
2145,(not set),9,0,0
2146,103113,9,0,0
2147,107123,9,0,0
2148,108166,9,0,0
2149,111613,9,674,12
2150,113334,9,95,5
2151,113335,9,0,0
2152,113344,9,0,0
2153,113345,9,95,5
2154,113367,9,0,0
2155,113368,9,95,1
2156,113372,9,0,0
2157,113373,9,95,5
2158,115506,9,0,0
2159,134786,9,769,9
2160,134822,9,0,0
2161,142142,9,0,0
2162,142520,9,0,0
2163,142671,9,272,2
2164,143748,9,0,0
2165,143811,9,272,3
2166,14451,9,0,0
2167,14453,9,0,0
2168,14454,9,0,0
2169,14456,9,0,0
2170,14457,9,0,0
2171,14458,9,0,0
2172,144664,9,0,0
2173,14529,9,0,0
2174,14541,9,0,0
2175,14542,9,1979.63333333333,46
2176,14544,9,0,0
2177,14548,9,0,0
2178,14549,9,1431,12
2179,14558,9,0,0
2180,14583,9,0,0
2181,14584,9,1713,5
2182,14587,9,4856,7
2183,14590,9,0,0
2184,14591,9,0,0
2185,14597,9,0,0
2186,14598,9,649,1
2187,14600,9,0,0
2188,14601,9,1932,8
2189,14607,9,0,0
2190,14608,9,903,9
2191,14619,9,0,0
2192,14620,9,657,4
2193,14624,9,0,0
2194,14625,9,1024,3
2195,14647,9,0,0
2196,14648,9,2391,3
2197,14701,9,0,0
2198,14702,9,0,0
2199,14709,9,3812,17
2200,14713,9,0,0
2201,14720,9,0,0
2202,14722,9,0,0
2203,14726,9,0,0
2204,14730,9,0,0
2205,14731,9,0,0
2206,14732,9,0,0
2207,14733,9,0,0
2208,14735,9,0,0
2209,14923,9,2961,5
2210,14942,9,0,0
2211,14943,9,1561,9
2212,150981,9,0,0
2213,151033,9,0,0
2214,151807,9,0,0
2215,15348,9,0,0
2216,15405,9,1083,16
2217,15407,9,0,0
2218,15416,9,0,0
2219,15418,9,0,0
2220,15420,9,0,0
2221,15422,9,0,0
2222,157184,9,0,0
2223,157846,9,0,0
2224,159150,9,0,0
2225,159151,9,716,2
2226,1598,9,856,13
2227,1599,9,4053,14
2228,1600,9,0,0
2229,1601,9,0,0
2230,1602,9,2268.625,23
2231,1603,9,219,1
2232,1605,9,1245,3
2233,1606,9,3990,9
2234,1610,9,1030,4
2235,1611,9,1020.66666666667,13
2236,1612,9,585.625,12
2237,1613,9,814.4,13
2238,1614,9,0,0
2239,1615,9,1390,18
2240,1616,9,4061.58351393189,87
2241,1617,9,0,0
2242,1618,9,570,6
2243,1619,9,786,8
2244,1621,9,1580.55,54
2245,1623,9,1213,10
2246,1624,9,2277,6
2247,1625,9,0,0
2248,1626,9,1341,20
2249,1628,9,538,2
2250,1629,9,2437,12
2251,1631,9,736,7
2252,1632,9,2790,16
2253,1633,9,1942,18
2254,1634,9,2242.66666666667,24
2255,1635,9,68,1
2256,1636,9,209,5
2257,1637,9,1170,5
2258,1638,9,283,1
2259,1639,9,172,2
2260,1640,9,0,0
2261,1641,9,1940,16
2262,1642,9,209,1
2263,1644,9,1869,12
2264,1645,9,1696,10
2265,1646,9,705,6
2266,1647,9,1276,7
2267,1649,9,4230,21
2268,1650,9,321,2
2269,1651,9,1674,7
2270,1652,9,871.666666666667,26
2271,1653,9,128,1
2272,1654,9,876,6
2273,1656,9,273,3
2274,1657,9,341,7
2275,1658,9,0,0
2276,1659,9,1308,22
2277,1660,9,0,0
2278,1661,9,264,6
2279,1663,9,3156,12
2280,1664,9,1642,8
2281,1665,9,1115,9
2282,1666,9,1163,53
2283,1674,9,4462.5,21
2284,1675,9,826,22
2285,1676,9,335,1
2286,1677,9,2190,5
2287,1678,9,2689,5
2288,1679,9,1700,18
2289,1681,9,2777,15
2290,1682,9,2777,15
2291,1684,9,1177,6
2292,1685,9,630,8
2293,1687,9,1373,6
2294,1688,9,853,27
2295,1689,9,1924,18
2296,1695,9,1321,14
2297,1696,9,1258,3
2298,1697,9,0,0
2299,1698,9,819,8
2300,169800,9,20550,24
2301,1699,9,299,1
2302,1700,9,535,3
2303,1701,9,1425,24
2304,170328,9,0,0
2305,170391,9,3868,27
2306,1704,9,309,1
2307,170433,9,0,0
2308,1705,9,2200,7
2309,1706,9,490,14
2310,1707,9,1149.75,18
2311,1709,9,6486,16
2312,1710,9,5875.4,16
2313,1711,9,0,0
2314,1713,9,484,6
2315,1714,9,319,1
2316,1715,9,1654,4
2317,1716,9,0,0
2318,1717,9,1656,19
2319,1718,9,1757.23076923077,62
2320,17186,9,164,1
2321,1719,9,986,11
2322,17194,9,0,0
2323,1720,9,901,9
2324,1721,9,401,4
2325,1722,9,618,3
2326,1723,9,1374,4
2327,1724,9,0,0
2328,1725,9,0,0
2329,1726,9,1845.66666666667,22
2330,1727,9,798,8
2331,17278,9,0,0
2332,1728,9,1680,13
2333,1729,9,2487.66666666667,18
2334,1730,9,0,0
2335,1731,9,2511,12
2336,1733,9,703,7
2337,1734,9,558,2
2338,1736,9,156,1
2339,1737,9,0,0
2340,1738,9,2096.5,20
2341,1741,9,766,6
2342,1742,9,0,0
2343,1744,9,557,3
2344,1745,9,5876,18
2345,1746,9,5896,11
2346,1747,9,279,1
2347,1748,9,297,3
2348,1750,9,938,2
2349,1751,9,428,2
2350,1752,9,816,6
2351,1755,9,806,11
2352,1756,9,408,3
2353,1757,9,607,4
2354,17582,9,0,0
2355,17583,9,2269,11
2356,1760,9,259,1
2357,1764,9,321,2
2358,176407,9,5766,19
2359,1765,9,0,0
2360,1767,9,0,0
2361,1768,9,385.75,10
2362,176808,9,0,0
2363,176816,9,9066,35
2364,1769,9,119,5
2365,176938,9,0,0
2366,1770,9,89,1
2367,1771,9,91,10
2368,1772,9,308,4
2369,1773,9,673,5
2370,1774,9,0,0
2371,1775,9,0,0
2372,1776,9,0,0
2373,1777,9,612,8
2374,1778,9,471,3
2375,1779,9,1075,11
2376,1780,9,769,11
2377,1781,9,2742,12
2378,1782,9,431,8
2379,1783,9,1234,13
2380,1785,9,471,10
2381,1786,9,1444,3
2382,1787,9,1053,1
2383,1789,9,1726,18
2384,1791,9,687,10
2385,17926,9,0,0
2386,1793,9,1068.6,29
2387,1795,9,6645,9
2388,1797,9,0,0
2389,1798,9,209,3
2390,1799,9,0,0
2391,1800,9,0,0
2392,1801,9,0,0
2393,1802,9,0,0
2394,1804,9,0,0
2395,1805,9,0,0
2396,1806,9,169,2
2397,1807,9,0,0
2398,1808,9,0,0
2399,1809,9,3400,7
2400,1811,9,926,10
2401,18113,9,0,0
2402,18114,9,5092,27
2403,18116,9,0,0
2404,18117,9,1144,5
2405,1812,9,926,7
2406,1813,9,777,12
2407,1814,9,769,17
2408,1815,9,918,9
2409,181504,9,3667,7
2410,1819,9,3840,34
2411,1820,9,2547,7
2412,1821,9,0,0
2413,1822,9,305,2
2414,1823,9,668,18
2415,1825,9,835,5
2416,1826,9,2958,14
2417,1827,9,1003,13
2418,182909,9,0,0
2419,182916,9,9895,103
2420,182931,9,0,0
2421,1830,9,3031,12
2422,1832,9,3996,18
2423,1833,9,11558,30
2424,18331,9,1579,7
2425,18335,9,0,0
2426,1834,9,1202,10
2427,1835,9,1401,3
2428,183809,9,1087,4
2429,183816,9,0,0
2430,1853,9,0,0
2431,1854,9,1928,5
2432,1855,9,1228,4
2433,1856,9,0,0
2434,188665,9,0,0
2435,188720,9,0,0
2436,189333,9,0,0
2437,191719,9,0,0
2438,19316,9,1652,5
2439,19969,9,0,0
2440,20039,9,0,0
2441,20044,9,0,0
2442,20045,9,312,5
2443,20221,9,0,0
2444,20222,9,209,1
2445,205512,9,3099,17
2446,205997,9,0,0
2447,20994,9,0,0
2448,20995,9,1378.5,10
2449,21004,9,0,0
2450,21005,9,3597,6
2451,21426,9,2499.33333333333,21
2452,21890,9,0,0
2453,225002,9,0,0
2454,225036,9,904,1
2455,225565,9,9303,34
2456,225619,9,0,0
2457,225620,9,0,0
2458,226373,9,0,0
2459,233009,9,735,1
2460,233758,9,1575,1
2461,233797,9,519,5
2462,233798,9,1048,8
2463,237273,9,0,0
2464,237276,9,0,0
2465,238240,9,0,0
2466,239397,9,0,0
2467,239525,9,5117,3
2468,239532,9,0,0
2469,244118,9,0,0
2470,244356,9,0,0
2471,24453,9,0,0
2472,24456,9,0,0
2473,245601,9,2028,15
2474,245608,9,0,0
2475,245611,9,0,0
2476,245612,9,3515,4
2477,2489,9,0,0
2478,2499,9,0,0
2479,2500,9,0,0
2480,25203,9,0,0
2481,255391,9,0,0
2482,255392,9,511,2
2483,255399,9,3600.5,47
2484,256245,9,0,0
2485,25928,9,398,2
2486,25930,9,0,0
2487,26480,9,0,0
2488,26481,9,868,17
2489,26488,9,0,0
2490,26489,9,210,2
2491,26490,9,4931,14
2492,27197,9,0,0
2493,29072,9,0,0
2494,29073,9,10752.7692307692,61
2495,29090,9,6845,63
2496,29091,9,0,0
2497,29111,9,769,7
2498,29112,9,0,0
2499,296311,9,3115,4
2500,29700,9,0,0
2501,297536,9,0,0
2502,29846,9,0,0
2503,29851,9,0,0
2504,30057,9,471,4
2505,30064,9,143,4
2506,30069,9,279,2
2507,303258,9,0,0
2508,30373,9,2001,4
2509,304254,9,665,4
2510,305355,9,0,0
2511,323551,9,5136,8
2512,324639,9,0,0
2513,33920,9,0,0
2514,345128,9,761,12
2515,345177,9,0,0
2516,34880,9,0,0
2517,361412,9,0,0
2518,370438,9,0,0
2519,392492,9,0,0
2520,395531,9,0,0
2521,399012,9,209,2
2522,399026,9,0,0
2523,417887,9,0,0
2524,422892,9,0,0
2525,440422,9,143,1
2526,440740,9,0,0
2527,440751,9,245,1
2528,445240,9,0,0
2529,47996,9,0,0
2530,48139,9,0,0
2531,489945,9,333,8
2532,491099,9,0,0
2533,4934,9,0,0
2534,4935,9,0,0
2535,4936,9,0,0
2536,4937,9,0,0
2537,4938,9,0,0
2538,4939,9,0,0
2539,4940,9,0,0
2540,4943,9,0,0
2541,5136,9,0,0
2542,5137,9,0,0
2543,5138,9,0,0
2544,5139,9,0,0
2545,5140,9,0,0
2546,5142,9,0,0
2547,5143,9,0,0
2548,5144,9,0,0
2549,5145,9,0,0
2550,5147,9,0,0
2551,5149,9,0,0
2552,5153,9,0,0
2553,5156,9,0,0
2554,5157,9,0,0
2555,5159,9,0,0
2556,5160,9,0,0
2557,5161,9,0,0
2558,5162,9,0,0
2559,5163,9,0,0
2560,5165,9,0,0
2561,5166,9,0,0
2562,5167,9,0,0
2563,5169,9,0,0
2564,5171,9,0,0
2565,5173,9,0,0
2566,5174,9,0,0
2567,5175,9,0,0
2568,5176,9,0,0
2569,5180,9,0,0
2570,5182,9,0,0
2571,5183,9,0,0
2572,5184,9,0,0
2573,5185,9,0,0
2574,5186,9,0,0
2575,5188,9,0,0
2576,5189,9,0,0
2577,5191,9,0,0
2578,5194,9,0,0
2579,5195,9,0,0
2580,5197,9,0,0
2581,5198,9,0,0
2582,5199,9,0,0
2583,5200,9,0,0
2584,5201,9,0,0
2585,5203,9,0,0
2586,5204,9,0,0
2587,5205,9,0,0
2588,5206,9,0,0
2589,5207,9,0,0
2590,5208,9,0,0
2591,5209,9,0,0
2592,5210,9,0,0
2593,5212,9,0,0
2594,5213,9,0,0
2595,5214,9,0,0
2596,5215,9,0,0
2597,5216,9,0,0
2598,5217,9,0,0
2599,5219,9,0,0
2600,5220,9,0,0
2601,5221,9,0,0
2602,5222,9,0,0
2603,5224,9,0,0
2604,5225,9,0,0
2605,5226,9,0,0
2606,5227,9,0,0
2607,5228,9,0,0
2608,5229,9,0,0
2609,5230,9,0,0
2610,5231,9,0,0
2611,5232,9,0,0
2612,5233,9,0,0
2613,5234,9,0,0
2614,5235,9,0,0
2615,5236,9,0,0
2616,5240,9,0,0
2617,5241,9,0,0
2618,5242,9,0,0
2619,5245,9,0,0
2620,5246,9,0,0
2621,5247,9,0,0
2622,5248,9,0,0
2623,5249,9,0,0
2624,5250,9,0,0
2625,5252,9,0,0
2626,5254,9,0,0
2627,5255,9,0,0
2628,5256,9,0,0
2629,5262,9,0,0
2630,5263,9,0,0
2631,5264,9,0,0
2632,5265,9,0,0
2633,5266,9,0,0
2634,5268,9,0,0
2635,5269,9,0,0
2636,5270,9,0,0
2637,5271,9,0,0
2638,5272,9,0,0
2639,5273,9,0,0
2640,5274,9,0,0
2641,5275,9,0,0
2642,5280,9,0,0
2643,5281,9,0,0
2644,5283,9,0,0
2645,5285,9,0,0
2646,5287,9,0,0
2647,5288,9,0,0
2648,5289,9,0,0
2649,5291,9,0,0
2650,5292,9,0,0
2651,5293,9,0,0
2652,5294,9,0,0
2653,5295,9,0,0
2654,5296,9,0,0
2655,5297,9,0,0
2656,5298,9,0,0
2657,5299,9,0,0
2658,5300,9,0,0
2659,5302,9,0,0
2660,5303,9,0,0
2661,5304,9,0,0
2662,5305,9,0,0
2663,5308,9,0,0
2664,5310,9,0,0
2665,5311,9,0,0
2666,5312,9,0,0
2667,5313,9,0,0
2668,5314,9,0,0
2669,5315,9,0,0
2670,5316,9,0,0
2671,5317,9,0,0
2672,5318,9,0,0
2673,5319,9,0,0
2674,5320,9,0,0
2675,5321,9,0,0
2676,5322,9,0,0
2677,5324,9,0,0
2678,5325,9,0,0
2679,5326,9,0,0
2680,5327,9,0,0
2681,5328,9,0,0
2682,5329,9,0,0
2683,5330,9,0,0
2684,5331,9,0,0
2685,5333,9,0,0
2686,5334,9,0,0
2687,5337,9,0,0
2688,5339,9,0,0
2689,5340,9,0,0
2690,5344,9,0,0
2691,5345,9,0,0
2692,5347,9,0,0
2693,5348,9,0,0
2694,5350,9,0,0
2695,5351,9,0,0
2696,5353,9,0,0
2697,5354,9,0,0
2698,5355,9,0,0
2699,5356,9,0,0
2700,5357,9,0,0
2701,5358,9,0,0
2702,5359,9,0,0
2703,5361,9,0,0
2704,5362,9,0,0
2705,5364,9,0,0
2706,5365,9,0,0
2707,5366,9,0,0
2708,5373,9,0,0
2709,5377,9,0,0
2710,5378,9,0,0
2711,5379,9,0,0
2712,5381,9,0,0
2713,5382,9,0,0
2714,5384,9,0,0
2715,5389,9,0,0
2716,559997,9,0,0
2717,559999,9,0,0
2718,560000,9,0,0
2719,613615,9,0,0
2720,613775,9,0,0
2721,630713,9,0,0
2722,654323,9,1440.25,19
2723,654331,9,0,0
2724,654909,9,0,0
2725,654914,9,1233.33333333333,15
2726,670769,9,998,4
2727,670835,9,0,0
2728,675499,9,0,0
2729,67588,9,0,0
2730,67620,9,0,0
2731,678967,9,0,0
2732,679409,9,0,0
2733,679411,9,0,0
2734,679443,9,0,0
2735,679444,9,0,0
2736,679503,9,0,0
2737,683013,9,0,0
2738,683014,9,3795,11
2739,684026,9,0,0
2740,684055,9,0,0
2741,691333,9,0,0
2742,695760,9,3204,44
2743,697203,9,0,0
2744,702331,9,7243,21
2745,702859,9,16317,45
2746,704630,9,0,0
2747,704632,9,0,0
2748,705681,9,790,3
2749,711627,9,0,0
2750,712545,9,0,0
2751,717769,9,1206,4
2752,717848,9,0,0
2753,719931,9,614,5
2754,719933,9,0,0
2755,75986,9,0,0
2756,763013,9,0,0
2757,763014,9,2383.6,12
2758,763037,9,0,0
2759,763051,9,4532,24
2760,76659,9,0,0
2761,767532,9,0,0
2762,767534,9,4098,10
2763,767612,9,0,0
2764,767613,9,650,2
2765,795904,9,0,0
2766,795905,9,1127,4
2767,800814,9,0,0
2768,800815,9,1648,3
2769,803483,9,0,0
2770,810628,9,0,0
2771,815553,9,0,0
2772,815557,9,5616,8
2773,825238,9,0,0
2774,825239,9,8223,12
2775,829338,9,0,0
2776,829339,9,2547,6
2777,836774,9,0,0
2778,836776,9,0,0
2779,837383,9,0,0
2780,837387,9,9979,39
2781,84735,9,0,0
2782,84741,9,0,0
2783,851783,9,0,0
2784,851784,9,1988,3
2785,852746,9,0,0
2786,852747,9,3512,17
2787,852768,9,0,0
2788,852769,9,878,3
2789,855240,9,0,0
2790,855241,9,364,2
2791,856425,9,0,0
2792,856833,9,0,0
2793,856834,9,1701.46666666667,39
2794,859451,9,0,0
2795,859452,9,2255,11
2796,869335,9,0,0
2797,869336,9,2853,15
2798,873070,9,4013,75
2799,87456,9,0,0
2800,87531,9,0,0
2801,875973,9,0,0
2802,876638,9,0,0
2803,876641,9,0,0
2804,876642,9,0,0
2805,876644,9,0,0
2806,876645,9,0,0
2807,876676,9,1737,15
2808,884083,9,0,0
2809,886131,9,0,0
2810,886223,9,0,0
2811,886224,9,956,14
2812,893816,9,0,0
2813,893817,9,1815.5,7
2814,896875,9,1410,2
2815,897243,9,839,1
2816,905332,9,0,0
2817,905339,9,0,0
2818,906911,9,0,0
2819,920548,9,0,0
2820,920549,9,4547,9
2821,920558,9,13893,17
2822,920562,9,0,0
2823,920576,9,0,0
2824,922068,9,0,0
2825,922069,9,1962,4
2826,925103,9,0,0
2827,92646,9,0,0
2828,926914,9,0,0
2829,92728,9,0,0
2830,928636,9,0,0
2831,928650,9,0,0
2832,928652,9,0,0
2833,942314,9,1815,11
2834,948955,9,0,0
2835,951921,9,3488.33333333333,8
2836,952979,9,720,8
2837,955997,9,1976,13
2838,958082,9,0,0
2839,958088,9,0,0
2840,958103,9,0,0
2841,958105,9,1638,2
2842,958214,9,0,0
2843,958590,9,0,0
2844,963805,9,0,0
2845,963811,9,903,1
2846,963815,9,0,0
2847,971053,9,0,0
2848,971246,9,0,0
2849,971249,9,1489,3
2850,971264,9,8690,7
2851,977592,9,0,0
2852,977593,9,0,0
2853,977594,9,0,0
2854,981638,9,0,0
2855,983944,9,0,0
2856,983951,9,878,5
2857,983952,9,0,0